1,パンプキンズ・ユナイテッド【完全生産限定盤/歌詞・対訳付】,https://images-fe.ssl-images-amazon.com/images/I/71lb63MsyvL._SL150_.jpg,カイ・ハンセンとマイケル・キスクが限定復帰し7人編成となったヘヴィ・メタルの守護神、完全新曲!,ハロウィン,800,500,1080,216,0,2,10,,,
2,BABYMETAL-LTD.EDITION,https://images-fe.ssl-images-amazon.com/images/I/71T%2B4ncVtHL._SL150_.jpg,BABYMETAL,BABYMETAL,800,2200,1080,216,0,2,10,,,
3,メタル・マスター(リマスター・デラックス),https://images-fe.ssl-images-amazon.com/images/I/51UNw3lAcfL._SL150_.jpg,世界最強バンドメタリカ、名作として名高いサード・アルバムのデラックス・ボックス・リイシューの3枚組コンパクト盤。,METALICA,2000,500,3888,216,0,2,10,,,
4,ファイアーパワー(完全生産限定盤) [Analog],https://images-fe.ssl-images-amazon.com/images/I/81yuniQN1eL._SL150_.jpg,レーベル: ソニー・ミュージックジャパンインターナショナル,ジューダス・プリースト,2000,500,5940,1080,0,2,10,,,
5,ビースト・イン・ブラックバーサーカーCD(日本語解説書封入/歌詞対訳付),https://images-fe.ssl-images-amazon.com/images/I/712Q7XLf%2BeL._SL150_.jpg,2015年、バトル・ビーストを離脱したギタリスト、コンポーザーのアントン・カバネンによる新バンドが遂に始動! その名もビースト・イン・ブラック! 野獣のごとく5人の男たちが放つ熱き魂の咆哮、王道のヘヴィ・メタルが響く!,ビースト・イン・ブラック,3987,500,2484,540,0,2,10,,,
6,おとなの教養 私たちはどこから来て、どこへ行くのか? (NHK出版新書),https://images-fe.ssl-images-amazon.com/images/I/81-o0CPPP1L._SL150_.jpg,7科目のエッセンスを講義形式で明快に説く決定版。現代人の「生きる力」=教養の本質が一気に身につく!,池上 彰,300,500,842,324,0,9,74,,,
7,債権各論 第2版補正版 (伊藤真試験対策講座 4),https://images-fe.ssl-images-amazon.com/images/I/71D48H7RmtL._SL150_.jpg,最新の司法試験択一問題・論文問題、重要な判例・法改正を追加、司法書士試験ランク表を新設など、あらゆる読者のニーズに応える試験対策万能テキスト。,伊藤 真,300,500,2334,324,0,9,74,,,
8,1時間でわかるビットコイン入門～1円から送る・使う・投資する～,https://images-fe.ssl-images-amazon.com/images/I/71xGZZEN-6L._SL150_.jpg,ついに本格利用が開始する「ビットコイン」「仮想通貨」の入門書が登場。,道重さゆみ,300,500,1084,324,0,9,74,,,
9,霊能者と事故物件視てきました (あなたが体験した怖い話),https://images-fe.ssl-images-amazon.com/images/I/A1QvuNYoGVL._SL150_.jpg,古井戸で殺人があった古民家や首吊りセレブマンション、火事で住人が焼死した一軒家など、衝撃の事故物件を次々と鑑定！,東條さち子,300,500,324,324,0,9,74,,,
10,週刊少年サンデー 2018年7号(2018年1月10日発売),https://images-fe.ssl-images-amazon.com/images/I/91PRxV0CUpL._SL150_.jpg,スポーツも、美少女も、熱いバトルも！！,週刊少年サンデー編集部,300,500,300,324,0,9,74,,,
11,Fire and Fury,https://images-fe.ssl-images-amazon.com/images/I/51u-ZiIEjHL._SL150_.jpg,The first nine months of Donald Trump's term were stormy outrageous - and absolutely mesmerising.,Michael Wolff,300,500,2457,324,0,9,75,,,
12,I Like It When,https://images-fe.ssl-images-amazon.com/images/I/51fKcYDxEPL._SL150_.jpg,The young penguin,Mary Murphy,300,500,821,324,0,9,75,,,
13,Harry Potter and the Sorcerer's Stone,https://images-fe.ssl-images-amazon.com/images/I/81iqZ2HHD-L._SL150_.jpg,世界中の子どもから大人までが物語に惹きこまれ、映画化も実現した「ハリー・ポッター」シリーズの第1作,J. K. Rowling,300,500,1253,324,0,9,75,,,
14,Dear Santa,https://images-fe.ssl-images-amazon.com/images/I/51m6GWqf4lL._SL150_.jpg,Lift the flaps to unwrap a Christmas present on every page of Dear Santa a festive book by Rod Campbell.,Rod Campbell,300,500,962,324,0,9,75,,,
15,Alice's Adventures in Wonderland (New York Times Best Illustrated Books (Awards)),https://images-fe.ssl-images-amazon.com/images/I/51wVXv6gW3L._SL150_.jpg,『Alice’s Adventure in Wonderland』は、ロバート・サブダの最高傑作。,ALICE,300,500,3650,324,0,9,75,,,
16,Slam dunk―完全版 (#1) (ジャンプ・コミックスデラックス),https://images-fe.ssl-images-amazon.com/images/I/51MV18A6S3L._AC_US160_.jpg,残り2分で5点のビハインドを追う湘北。山王も王者の意地をかけて突き放そうと必死の攻撃を仕掛ける,井上 雄彦,300,500,1008,100,0,9,76,,,
17,Slam dunk―完全版 (#2) (ジャンプ・コミックスデラックス),https://images-fe.ssl-images-amazon.com/images/I/51DBNKYRD7L._AC_US160_.jpg,残り2分で5点のビハインドを追う湘北。山王も王者の意地をかけて突き放そうと必死の攻撃を仕掛ける,井上 雄彦,300,500,1008,100,0,9,76,,,
18,Slam dunk―完全版 (#3) (ジャンプ・コミックスデラックス),https://images-fe.ssl-images-amazon.com/images/I/51BBG8XGYNL._AC_US160_.jpg,残り2分で5点のビハインドを追う湘北。山王も王者の意地をかけて突き放そうと必死の攻撃を仕掛ける,井上 雄彦,300,500,1008,100,0,9,76,,,
19,Slam dunk―完全版 (#4) (ジャンプ・コミックスデラックス),https://images-fe.ssl-images-amazon.com/images/I/51MZC6EJKRL._AC_US160_.jpg,残り2分で5点のビハインドを追う湘北。山王も王者の意地をかけて突き放そうと必死の攻撃を仕掛ける,井上 雄彦,300,500,1008,100,0,9,76,,,
20,Slam dunk―完全版 (#5) (ジャンプ・コミックスデラックス),https://images-fe.ssl-images-amazon.com/images/I/51WASSNG24L._AC_US160_.jpg,残り2分で5点のビハインドを追う湘北。山王も王者の意地をかけて突き放そうと必死の攻撃を仕掛ける,井上 雄彦,300,500,1008,100,0,9,76,,,
21,Slam dunk―完全版 (#6) (ジャンプ・コミックスデラックス),https://images-fe.ssl-images-amazon.com/images/I/51S307BGGEL._AC_US160_.jpg,残り2分で5点のビハインドを追う湘北。山王も王者の意地をかけて突き放そうと必死の攻撃を仕掛ける,井上 雄彦,300,500,1008,100,0,9,76,,,
22,Slam dunk―完全版 (#7) (ジャンプ・コミックスデラックス),https://images-fe.ssl-images-amazon.com/images/I/51YGGCBRTBL._AC_US160_.jpg,残り2分で5点のビハインドを追う湘北。山王も王者の意地をかけて突き放そうと必死の攻撃を仕掛ける,井上 雄彦,300,500,1008,100,0,9,76,,,
23,Slam dunk―完全版 (#8) (ジャンプ・コミックスデラックス),https://images-fe.ssl-images-amazon.com/images/I/51EKBZYB2AL._AC_US160_.jpg,残り2分で5点のビハインドを追う湘北。山王も王者の意地をかけて突き放そうと必死の攻撃を仕掛ける,井上 雄彦,300,500,1008,100,0,9,76,,,
24,Slam dunk―完全版 (#9) (ジャンプ・コミックスデラックス),https://images-fe.ssl-images-amazon.com/images/I/61QSKDK13KL._AC_US160_.jpg,残り2分で5点のビハインドを追う湘北。山王も王者の意地をかけて突き放そうと必死の攻撃を仕掛ける,井上 雄彦,300,500,1008,100,0,9,76,,,
25,Slam dunk―完全版 (#10) (ジャンプ・コミックスデラックス),https://images-fe.ssl-images-amazon.com/images/I/51W04GGP83L._AC_US160_.jpg,残り2分で5点のビハインドを追う湘北。山王も王者の意地をかけて突き放そうと必死の攻撃を仕掛ける,井上 雄彦,300,500,1008,100,0,9,76,,,
26,Slam dunk―完全版 (#11) (ジャンプ・コミックスデラックス),https://images-fe.ssl-images-amazon.com/images/I/51XVV8BMM2L._AC_US160_.jpg,残り2分で5点のビハインドを追う湘北。山王も王者の意地をかけて突き放そうと必死の攻撃を仕掛ける,井上 雄彦,300,500,1008,100,0,9,76,,,
27,Slam dunk―完全版 (#12) (ジャンプ・コミックスデラックス),https://images-fe.ssl-images-amazon.com/images/I/51FB4R9NG7L._AC_US160_.jpg,残り2分で5点のビハインドを追う湘北。山王も王者の意地をかけて突き放そうと必死の攻撃を仕掛ける,井上 雄彦,300,500,1008,100,0,9,76,,,
28,Slam dunk―完全版 (#13) (ジャンプ・コミックスデラックス),https://images-fe.ssl-images-amazon.com/images/I/31DQHMNHCDL._AC_US160_.jpg,残り2分で5点のビハインドを追う湘北。山王も王者の意地をかけて突き放そうと必死の攻撃を仕掛ける,井上 雄彦,300,500,1008,100,0,9,76,,,
29,Slam dunk―完全版 (#14) (ジャンプ・コミックスデラックス),https://images-fe.ssl-images-amazon.com/images/I/314W9ZG7TRL._AC_US160_.jpg,残り2分で5点のビハインドを追う湘北。山王も王者の意地をかけて突き放そうと必死の攻撃を仕掛ける,井上 雄彦,300,500,1008,100,0,9,76,,,
30,Slam dunk―完全版 (#15) (ジャンプ・コミックスデラックス),https://images-fe.ssl-images-amazon.com/images/I/318K1R5RW2L._AC_US160_.jpg,残り2分で5点のビハインドを追う湘北。山王も王者の意地をかけて突き放そうと必死の攻撃を仕掛ける,井上 雄彦,300,500,1008,100,0,9,76,,,
31,Slam dunk―完全版 (#16) (ジャンプ・コミックスデラックス),https://images-fe.ssl-images-amazon.com/images/I/31MGMSTD78L._AC_US160_.jpg,残り2分で5点のビハインドを追う湘北。山王も王者の意地をかけて突き放そうと必死の攻撃を仕掛ける,井上 雄彦,300,500,1008,100,0,9,76,,,
32,Slam dunk―完全版 (#17) (ジャンプ・コミックスデラックス),https://images-fe.ssl-images-amazon.com/images/I/31W0D6BMPVL._AC_US160_.jpg,残り2分で5点のビハインドを追う湘北。山王も王者の意地をかけて突き放そうと必死の攻撃を仕掛ける,井上 雄彦,300,500,1008,100,0,9,76,,,
33,Slam dunk―完全版 (#18) (ジャンプ・コミックスデラックス),https://images-fe.ssl-images-amazon.com/images/I/31EFBNJ3HXL._AC_US160_.jpg,残り2分で5点のビハインドを追う湘北。山王も王者の意地をかけて突き放そうと必死の攻撃を仕掛ける,井上 雄彦,300,500,1008,100,0,9,76,,,
34,Slam dunk―完全版 (#19) (ジャンプ・コミックスデラックス),https://images-fe.ssl-images-amazon.com/images/I/314Q5R5WMRL._AC_US160_.jpg,残り2分で5点のビハインドを追う湘北。山王も王者の意地をかけて突き放そうと必死の攻撃を仕掛ける,井上 雄彦,300,500,1008,100,0,9,76,,,
35,Slam dunk―完全版 (#20) (ジャンプ・コミックスデラックス),https://images-fe.ssl-images-amazon.com/images/I/31ZDKEZ2ASL._AC_US160_.jpg,残り2分で5点のビハインドを追う湘北。山王も王者の意地をかけて突き放そうと必死の攻撃を仕掛ける,井上 雄彦,300,500,1008,100,0,9,76,,,
36,Slam dunk―完全版 (#21) (ジャンプ・コミックスデラックス),https://images-fe.ssl-images-amazon.com/images/I/518FT7SEJYL._AC_US160_.jpg,残り2分で5点のビハインドを追う湘北。山王も王者の意地をかけて突き放そうと必死の攻撃を仕掛ける,井上 雄彦,300,500,1008,100,0,9,76,,,
37,Slam dunk―完全版 (#22) (ジャンプ・コミックスデラックス),https://images-fe.ssl-images-amazon.com/images/I/512HZ8B8G8L._AC_US160_.jpg,残り2分で5点のビハインドを追う湘北。山王も王者の意地をかけて突き放そうと必死の攻撃を仕掛ける,井上 雄彦,300,500,1008,100,0,9,76,,,
38,Slam dunk―完全版 (#23) (ジャンプ・コミックスデラックス),https://images-fe.ssl-images-amazon.com/images/I/51ZDP3C795L._AC_US160_.jpg,残り2分で5点のビハインドを追う湘北。山王も王者の意地をかけて突き放そうと必死の攻撃を仕掛ける,井上 雄彦,300,500,1008,100,0,9,76,,,
39,Slam dunk―完全版 (#24) (ジャンプ・コミックスデラックス),https://images-fe.ssl-images-amazon.com/images/I/51AFB0BZG7L._AC_US160_.jpg,残り2分で5点のビハインドを追う湘北。山王も王者の意地をかけて突き放そうと必死の攻撃を仕掛ける,井上 雄彦,300,500,1008,100,0,9,76,,,
40,進撃の巨人(1) (講談社コミックス),https://images-fe.ssl-images-amazon.com/images/I/51KJGq4nTCL._AC_US160_.jpg,手足をもがれ、餌と成り果てようと、人類は巨人に挑む!!巨人がすべてを支配する世界。巨人の餌と化した人類は巨大な壁を築き、壁外への自由と引き換えに侵略を防いでいた。だが名ばかりの平和は壁を越える大巨人の出現により崩れ、絶望の戦いが始まってしまう。――震える手で、それでもあなたはページを捲る。超大作アクション誕生！,諫山創,300,500,432,100,0,9,76,,,
41,進撃の巨人(2) (講談社コミックス),https://images-fe.ssl-images-amazon.com/images/I/51AZflL9O4L._AC_US160_.jpg,手足をもがれ、餌と成り果てようと、人類は巨人に挑む!!巨人がすべてを支配する世界。巨人の餌と化した人類は巨大な壁を築き、壁外への自由と引き換えに侵略を防いでいた。だが名ばかりの平和は壁を越える大巨人の出現により崩れ、絶望の戦いが始まってしまう。――震える手で、それでもあなたはページを捲る。超大作アクション誕生！,諫山創,300,500,432,100,0,9,76,,,
42,進撃の巨人(3) (講談社コミックス),https://images-fe.ssl-images-amazon.com/images/I/517W2n+MmeL._AC_US160_.jpg,手足をもがれ、餌と成り果てようと、人類は巨人に挑む!!巨人がすべてを支配する世界。巨人の餌と化した人類は巨大な壁を築き、壁外への自由と引き換えに侵略を防いでいた。だが名ばかりの平和は壁を越える大巨人の出現により崩れ、絶望の戦いが始まってしまう。――震える手で、それでもあなたはページを捲る。超大作アクション誕生！,諫山創,300,500,432,100,0,9,76,,,
43,進撃の巨人(4) (講談社コミックス),https://images-fe.ssl-images-amazon.com/images/I/51sTMwMb3oL._AC_US160_.jpg,手足をもがれ、餌と成り果てようと、人類は巨人に挑む!!巨人がすべてを支配する世界。巨人の餌と化した人類は巨大な壁を築き、壁外への自由と引き換えに侵略を防いでいた。だが名ばかりの平和は壁を越える大巨人の出現により崩れ、絶望の戦いが始まってしまう。――震える手で、それでもあなたはページを捲る。超大作アクション誕生！,諫山創,300,500,432,100,0,9,76,,,
44,進撃の巨人(5) (講談社コミックス),https://images-fe.ssl-images-amazon.com/images/I/51vBmpBrF+L._AC_US160_.jpg,手足をもがれ、餌と成り果てようと、人類は巨人に挑む!!巨人がすべてを支配する世界。巨人の餌と化した人類は巨大な壁を築き、壁外への自由と引き換えに侵略を防いでいた。だが名ばかりの平和は壁を越える大巨人の出現により崩れ、絶望の戦いが始まってしまう。――震える手で、それでもあなたはページを捲る。超大作アクション誕生！,諫山創,300,500,432,100,0,9,76,,,
45,進撃の巨人(6) (講談社コミックス),https://images-fe.ssl-images-amazon.com/images/I/51ik8U6JJBL._AC_US160_.jpg,手足をもがれ、餌と成り果てようと、人類は巨人に挑む!!巨人がすべてを支配する世界。巨人の餌と化した人類は巨大な壁を築き、壁外への自由と引き換えに侵略を防いでいた。だが名ばかりの平和は壁を越える大巨人の出現により崩れ、絶望の戦いが始まってしまう。――震える手で、それでもあなたはページを捲る。超大作アクション誕生！,諫山創,300,500,432,100,0,9,76,,,
46,進撃の巨人(7) (講談社コミックス),https://images-fe.ssl-images-amazon.com/images/I/51dgE+AfcJL._AC_US160_.jpg,手足をもがれ、餌と成り果てようと、人類は巨人に挑む!!巨人がすべてを支配する世界。巨人の餌と化した人類は巨大な壁を築き、壁外への自由と引き換えに侵略を防いでいた。だが名ばかりの平和は壁を越える大巨人の出現により崩れ、絶望の戦いが始まってしまう。――震える手で、それでもあなたはページを捲る。超大作アクション誕生！,諫山創,300,500,432,100,0,9,76,,,
47,進撃の巨人(8) (講談社コミックス),https://images-fe.ssl-images-amazon.com/images/I/51cHtsPyHiL._AC_US160_.jpg,手足をもがれ、餌と成り果てようと、人類は巨人に挑む!!巨人がすべてを支配する世界。巨人の餌と化した人類は巨大な壁を築き、壁外への自由と引き換えに侵略を防いでいた。だが名ばかりの平和は壁を越える大巨人の出現により崩れ、絶望の戦いが始まってしまう。――震える手で、それでもあなたはページを捲る。超大作アクション誕生！,諫山創,300,500,432,100,0,9,76,,,
48,進撃の巨人(9) (講談社コミックス),https://images-fe.ssl-images-amazon.com/images/I/516kzUfae-L._AC_US160_.jpg,手足をもがれ、餌と成り果てようと、人類は巨人に挑む!!巨人がすべてを支配する世界。巨人の餌と化した人類は巨大な壁を築き、壁外への自由と引き換えに侵略を防いでいた。だが名ばかりの平和は壁を越える大巨人の出現により崩れ、絶望の戦いが始まってしまう。――震える手で、それでもあなたはページを捲る。超大作アクション誕生！,諫山創,300,500,432,100,0,9,76,,,
49,進撃の巨人(10) (講談社コミックス),https://images-fe.ssl-images-amazon.com/images/I/51r0P1cmtbL._AC_US160_.jpg,手足をもがれ、餌と成り果てようと、人類は巨人に挑む!!巨人がすべてを支配する世界。巨人の餌と化した人類は巨大な壁を築き、壁外への自由と引き換えに侵略を防いでいた。だが名ばかりの平和は壁を越える大巨人の出現により崩れ、絶望の戦いが始まってしまう。――震える手で、それでもあなたはページを捲る。超大作アクション誕生！,諫山創,300,500,432,100,0,9,76,,,
50,進撃の巨人(11) (講談社コミックス),https://images-fe.ssl-images-amazon.com/images/I/51C1VCPp75L._AC_US160_.jpg,手足をもがれ、餌と成り果てようと、人類は巨人に挑む!!巨人がすべてを支配する世界。巨人の餌と化した人類は巨大な壁を築き、壁外への自由と引き換えに侵略を防いでいた。だが名ばかりの平和は壁を越える大巨人の出現により崩れ、絶望の戦いが始まってしまう。――震える手で、それでもあなたはページを捲る。超大作アクション誕生！,諫山創,300,500,432,100,0,9,76,,,
51,進撃の巨人(12) (講談社コミックス),https://images-fe.ssl-images-amazon.com/images/I/51YwgbIJIPL._AC_US160_.jpg,手足をもがれ、餌と成り果てようと、人類は巨人に挑む!!巨人がすべてを支配する世界。巨人の餌と化した人類は巨大な壁を築き、壁外への自由と引き換えに侵略を防いでいた。だが名ばかりの平和は壁を越える大巨人の出現により崩れ、絶望の戦いが始まってしまう。――震える手で、それでもあなたはページを捲る。超大作アクション誕生！,諫山創,300,500,432,100,0,9,76,,,
52,進撃の巨人(13) (講談社コミックス),https://images-fe.ssl-images-amazon.com/images/I/51rHI5OT5FL._AC_US160_.jpg,手足をもがれ、餌と成り果てようと、人類は巨人に挑む!!巨人がすべてを支配する世界。巨人の餌と化した人類は巨大な壁を築き、壁外への自由と引き換えに侵略を防いでいた。だが名ばかりの平和は壁を越える大巨人の出現により崩れ、絶望の戦いが始まってしまう。――震える手で、それでもあなたはページを捲る。超大作アクション誕生！,諫山創,300,500,432,100,0,9,76,,,
53,進撃の巨人(14) (講談社コミックス),https://images-fe.ssl-images-amazon.com/images/I/51j8IihNxpL._AC_US160_.jpg,手足をもがれ、餌と成り果てようと、人類は巨人に挑む!!巨人がすべてを支配する世界。巨人の餌と化した人類は巨大な壁を築き、壁外への自由と引き換えに侵略を防いでいた。だが名ばかりの平和は壁を越える大巨人の出現により崩れ、絶望の戦いが始まってしまう。――震える手で、それでもあなたはページを捲る。超大作アクション誕生！,諫山創,300,500,432,100,0,9,76,,,
54,進撃の巨人(15) (講談社コミックス),https://images-fe.ssl-images-amazon.com/images/I/511pkjktdpL._AC_US160_.jpg,手足をもがれ、餌と成り果てようと、人類は巨人に挑む!!巨人がすべてを支配する世界。巨人の餌と化した人類は巨大な壁を築き、壁外への自由と引き換えに侵略を防いでいた。だが名ばかりの平和は壁を越える大巨人の出現により崩れ、絶望の戦いが始まってしまう。――震える手で、それでもあなたはページを捲る。超大作アクション誕生！,諫山創,300,500,432,100,0,9,76,,,
55,進撃の巨人(16) (講談社コミックス),https://images-fe.ssl-images-amazon.com/images/I/51fz0Q713cL._AC_US160_.jpg,手足をもがれ、餌と成り果てようと、人類は巨人に挑む!!巨人がすべてを支配する世界。巨人の餌と化した人類は巨大な壁を築き、壁外への自由と引き換えに侵略を防いでいた。だが名ばかりの平和は壁を越える大巨人の出現により崩れ、絶望の戦いが始まってしまう。――震える手で、それでもあなたはページを捲る。超大作アクション誕生！,諫山創,300,500,432,100,0,9,76,,,
56,進撃の巨人(17) (講談社コミックス),https://images-fe.ssl-images-amazon.com/images/I/51SOQrlKiOL._AC_US160_.jpg,手足をもがれ、餌と成り果てようと、人類は巨人に挑む!!巨人がすべてを支配する世界。巨人の餌と化した人類は巨大な壁を築き、壁外への自由と引き換えに侵略を防いでいた。だが名ばかりの平和は壁を越える大巨人の出現により崩れ、絶望の戦いが始まってしまう。――震える手で、それでもあなたはページを捲る。超大作アクション誕生！,諫山創,300,500,432,100,0,9,76,,,
57,進撃の巨人(18) (講談社コミックス),https://images-fe.ssl-images-amazon.com/images/I/51XWnMAeZYL._AC_US160_.jpg,手足をもがれ、餌と成り果てようと、人類は巨人に挑む!!巨人がすべてを支配する世界。巨人の餌と化した人類は巨大な壁を築き、壁外への自由と引き換えに侵略を防いでいた。だが名ばかりの平和は壁を越える大巨人の出現により崩れ、絶望の戦いが始まってしまう。――震える手で、それでもあなたはページを捲る。超大作アクション誕生！,諫山創,300,500,432,100,0,9,76,,,
58,進撃の巨人(19) (講談社コミックス),https://images-fe.ssl-images-amazon.com/images/I/51Y0hYS7H3L._AC_US160_.jpg,手足をもがれ、餌と成り果てようと、人類は巨人に挑む!!巨人がすべてを支配する世界。巨人の餌と化した人類は巨大な壁を築き、壁外への自由と引き換えに侵略を防いでいた。だが名ばかりの平和は壁を越える大巨人の出現により崩れ、絶望の戦いが始まってしまう。――震える手で、それでもあなたはページを捲る。超大作アクション誕生！,諫山創,300,500,432,100,0,9,76,,,
59,進撃の巨人(20) (講談社コミックス),https://images-fe.ssl-images-amazon.com/images/I/51v00OmtNML._AC_US160_.jpg,手足をもがれ、餌と成り果てようと、人類は巨人に挑む!!巨人がすべてを支配する世界。巨人の餌と化した人類は巨大な壁を築き、壁外への自由と引き換えに侵略を防いでいた。だが名ばかりの平和は壁を越える大巨人の出現により崩れ、絶望の戦いが始まってしまう。――震える手で、それでもあなたはページを捲る。超大作アクション誕生！,諫山創,300,500,432,100,0,9,76,,,
60,進撃の巨人(21) (講談社コミックス),https://images-fe.ssl-images-amazon.com/images/I/51LuJGykLqL._AC_US160_.jpg,手足をもがれ、餌と成り果てようと、人類は巨人に挑む!!巨人がすべてを支配する世界。巨人の餌と化した人類は巨大な壁を築き、壁外への自由と引き換えに侵略を防いでいた。だが名ばかりの平和は壁を越える大巨人の出現により崩れ、絶望の戦いが始まってしまう。――震える手で、それでもあなたはページを捲る。超大作アクション誕生！,諫山創,300,500,432,100,0,9,76,,,
61,進撃の巨人(22) (講談社コミックス),https://images-fe.ssl-images-amazon.com/images/I/51O34FmxK5L._AC_US160_.jpg,手足をもがれ、餌と成り果てようと、人類は巨人に挑む!!巨人がすべてを支配する世界。巨人の餌と化した人類は巨大な壁を築き、壁外への自由と引き換えに侵略を防いでいた。だが名ばかりの平和は壁を越える大巨人の出現により崩れ、絶望の戦いが始まってしまう。――震える手で、それでもあなたはページを捲る。超大作アクション誕生！,諫山創,300,500,432,100,0,9,76,,,
62,進撃の巨人(23) (講談社コミックス),https://images-fe.ssl-images-amazon.com/images/I/51VN8pH+TpL._AC_US160_.jpg,手足をもがれ、餌と成り果てようと、人類は巨人に挑む!!巨人がすべてを支配する世界。巨人の餌と化した人類は巨大な壁を築き、壁外への自由と引き換えに侵略を防いでいた。だが名ばかりの平和は壁を越える大巨人の出現により崩れ、絶望の戦いが始まってしまう。――震える手で、それでもあなたはページを捲る。超大作アクション誕生！,諫山創,300,500,432,100,0,9,76,,,
63,進撃の巨人(24) (講談社コミックス),https://images-fe.ssl-images-amazon.com/images/I/51l64Gzj96L._AC_US160_.jpg,手足をもがれ、餌と成り果てようと、人類は巨人に挑む!!巨人がすべてを支配する世界。巨人の餌と化した人類は巨大な壁を築き、壁外への自由と引き換えに侵略を防いでいた。だが名ばかりの平和は壁を越える大巨人の出現により崩れ、絶望の戦いが始まってしまう。――震える手で、それでもあなたはページを捲る。超大作アクション誕生！,諫山創,300,500,432,100,0,9,76,,,
64,自殺島 1 (ジェッツコミックス),https://images-fe.ssl-images-amazon.com/images/I/51Smy7gAuNL._AC_US160_.jpg,自殺島」─それは、自殺を繰り返す“常習指定者”達が送られる島。主人公・セイも自殺未遂の末、その島へと辿り着いた。果たして、セイ達の運命は!?,森恒二,445,500,555,100,0,9,76,,,
65,自殺島 2 (ジェッツコミックス),https://images-fe.ssl-images-amazon.com/images/I/51-1S1n9SfL._AC_US160_.jpg,自殺島」─それは、自殺を繰り返す“常習指定者”達が送られる島。主人公・セイも自殺未遂の末、その島へと辿り着いた。果たして、セイ達の運命は!?,森恒二,445,500,555,100,0,9,76,,,
66,自殺島 3 (ジェッツコミックス),https://images-fe.ssl-images-amazon.com/images/I/51Jf5J3mpPL._AC_US160_.jpg,自殺島」─それは、自殺を繰り返す“常習指定者”達が送られる島。主人公・セイも自殺未遂の末、その島へと辿り着いた。果たして、セイ達の運命は!?,森恒二,445,500,555,100,0,9,76,,,
67,自殺島 4 (ジェッツコミックス),https://images-fe.ssl-images-amazon.com/images/I/51odgelvTUL._AC_US160_.jpg,自殺島」─それは、自殺を繰り返す“常習指定者”達が送られる島。主人公・セイも自殺未遂の末、その島へと辿り着いた。果たして、セイ達の運命は!?,森恒二,445,500,555,100,0,9,76,,,
68,自殺島 5 (ジェッツコミックス),https://images-fe.ssl-images-amazon.com/images/I/51kzk3FaxyL._AC_US160_.jpg,自殺島」─それは、自殺を繰り返す“常習指定者”達が送られる島。主人公・セイも自殺未遂の末、その島へと辿り着いた。果たして、セイ達の運命は!?,森恒二,445,500,555,100,0,9,76,,,
69,自殺島 6 (ジェッツコミックス),https://images-fe.ssl-images-amazon.com/images/I/51hsdC1zU0L._AC_US160_.jpg,自殺島」─それは、自殺を繰り返す“常習指定者”達が送られる島。主人公・セイも自殺未遂の末、その島へと辿り着いた。果たして、セイ達の運命は!?,森恒二,445,500,555,100,0,9,76,,,
70,自殺島 7 (ジェッツコミックス),https://images-fe.ssl-images-amazon.com/images/I/51OW1qAbptL._AC_US160_.jpg,自殺島」─それは、自殺を繰り返す“常習指定者”達が送られる島。主人公・セイも自殺未遂の末、その島へと辿り着いた。果たして、セイ達の運命は!?,森恒二,445,500,555,100,0,9,76,,,
71,自殺島 8 (ジェッツコミックス),https://images-fe.ssl-images-amazon.com/images/I/51PMYf+UpvL._AC_US160_.jpg,自殺島」─それは、自殺を繰り返す“常習指定者”達が送られる島。主人公・セイも自殺未遂の末、その島へと辿り着いた。果たして、セイ達の運命は!?,森恒二,445,500,555,100,0,9,76,,,
72,自殺島 9 (ジェッツコミックス),https://images-fe.ssl-images-amazon.com/images/I/51jtBx4jbeL._AC_US160_.jpg,自殺島」─それは、自殺を繰り返す“常習指定者”達が送られる島。主人公・セイも自殺未遂の末、その島へと辿り着いた。果たして、セイ達の運命は!?,森恒二,445,500,555,100,0,9,76,,,
73,自殺島 10 (ジェッツコミックス),https://images-fe.ssl-images-amazon.com/images/I/41DzE78-0hL._AC_US160_.jpg,自殺島」─それは、自殺を繰り返す“常習指定者”達が送られる島。主人公・セイも自殺未遂の末、その島へと辿り着いた。果たして、セイ達の運命は!?,森恒二,445,500,555,100,0,9,76,,,
74,自殺島 11 (ジェッツコミックス),https://images-fe.ssl-images-amazon.com/images/I/51cagzvI+9L._AC_US160_.jpg,自殺島」─それは、自殺を繰り返す“常習指定者”達が送られる島。主人公・セイも自殺未遂の末、その島へと辿り着いた。果たして、セイ達の運命は!?,森恒二,445,500,555,100,0,9,76,,,
75,自殺島 12 (ジェッツコミックス),https://images-fe.ssl-images-amazon.com/images/I/51KJGQjGHIL._AC_US160_.jpg,自殺島」─それは、自殺を繰り返す“常習指定者”達が送られる島。主人公・セイも自殺未遂の末、その島へと辿り着いた。果たして、セイ達の運命は!?,森恒二,445,500,555,100,0,9,76,,,
76,自殺島 13 (ジェッツコミックス),https://images-fe.ssl-images-amazon.com/images/I/51YIpZ26j6L._AC_US160_.jpg,自殺島」─それは、自殺を繰り返す“常習指定者”達が送られる島。主人公・セイも自殺未遂の末、その島へと辿り着いた。果たして、セイ達の運命は!?,森恒二,445,500,555,100,0,9,76,,,
77,自殺島 14 (ジェッツコミックス),https://images-fe.ssl-images-amazon.com/images/I/512UTAkm+ZL._AC_US160_.jpg,自殺島」─それは、自殺を繰り返す“常習指定者”達が送られる島。主人公・セイも自殺未遂の末、その島へと辿り着いた。果たして、セイ達の運命は!?,森恒二,445,500,555,100,0,9,76,,,
78,自殺島 15 (ジェッツコミックス),https://images-fe.ssl-images-amazon.com/images/I/51pxlO3rp5L._AC_US160_.jpg,自殺島」─それは、自殺を繰り返す“常習指定者”達が送られる島。主人公・セイも自殺未遂の末、その島へと辿り着いた。果たして、セイ達の運命は!?,森恒二,445,500,555,100,0,9,76,,,
79,自殺島 16 (ジェッツコミックス),https://images-fe.ssl-images-amazon.com/images/I/51vLizwtdOL._AC_US160_.jpg,自殺島」─それは、自殺を繰り返す“常習指定者”達が送られる島。主人公・セイも自殺未遂の末、その島へと辿り着いた。果たして、セイ達の運命は!?,森恒二,445,500,555,100,0,9,76,,,
80,自殺島 17 (ジェッツコミックス),https://images-fe.ssl-images-amazon.com/images/I/51-4keI703L._AC_US160_.jpg,自殺島」─それは、自殺を繰り返す“常習指定者”達が送られる島。主人公・セイも自殺未遂の末、その島へと辿り着いた。果たして、セイ達の運命は!?,森恒二,445,500,555,100,0,9,76,,,
81,撲殺天使ドクロちゃん 1 (電撃コミックス),https://images-fe.ssl-images-amazon.com/images/I/61896R1DDEL._AC_US160_.jpg,ぴぴるぴるぴるぴぴるぴ~♪,おかゆ まさき,300,500,594,100,0,9,76,,,
82,撲殺天使ドクロちゃん 2 (電撃コミックス),https://images-fe.ssl-images-amazon.com/images/I/51GRWY6FG1L._AC_US160_.jpg,ぴぴるぴるぴるぴぴるぴ~♪,おかゆ まさき,300,500,594,100,0,9,76,,,
83,撲殺天使ドクロちゃん 3 (電撃コミックス),https://images-fe.ssl-images-amazon.com/images/I/51MCX1BGG4L._AC_US160_.jpg,ぴぴるぴるぴるぴぴるぴ~♪,おかゆ まさき,300,500,594,100,0,9,76,,,
84,撲殺天使ドクロちゃん 4 (電撃コミックス),https://images-fe.ssl-images-amazon.com/images/I/51KG5E9WSNL._AC_US160_.jpg,ぴぴるぴるぴるぴぴるぴ~♪,おかゆ まさき,300,500,594,100,0,9,76,,,
85,撲殺天使ドクロちゃん 5 (電撃コミックス),https://images-fe.ssl-images-amazon.com/images/I/516mPKspEkL._AC_US160_.jpg,ぴぴるぴるぴるぴぴるぴ~♪,おかゆ まさき,300,500,594,100,0,9,76,,,
86,撲殺天使ドクロちゃん 6 (電撃コミックス),https://images-fe.ssl-images-amazon.com/images/I/51YEbblAE6L._AC_US160_.jpg,ぴぴるぴるぴるぴぴるぴ~♪,おかゆ まさき,300,500,594,100,0,9,76,,,
87,撲殺天使ドクロちゃん 7 (電撃コミックス),https://images-fe.ssl-images-amazon.com/images/I/51QC4deNxGL._AC_US160_.jpg,ぴぴるぴるぴるぴぴるぴ~♪,おかゆ まさき,300,500,594,100,0,9,76,,,
88,撲殺天使ドクロちゃん 8 (電撃コミックス),https://images-fe.ssl-images-amazon.com/images/I/51lgDRo68OL._AC_US160_.jpg,ぴぴるぴるぴるぴぴるぴ~♪,おかゆ まさき,300,500,594,100,0,9,76,,,
89,撲殺天使ドクロちゃん 9 (電撃コミックス),https://images-fe.ssl-images-amazon.com/images/I/51dg0t7nxPL._AC_US160_.jpg,ぴぴるぴるぴるぴぴるぴ~♪,おかゆ まさき,300,500,594,100,0,9,76,,,
90,撲殺天使ドクロちゃん 10 (電撃コミックス),https://images-fe.ssl-images-amazon.com/images/I/51o-lSpJ1pL._AC_US160_.jpg,ぴぴるぴるぴるぴぴるぴ~♪,おかゆ まさき,300,500,594,100,0,9,76,,,
91,ゼクシィ首都圏 2018年 2月号,https://images-fe.ssl-images-amazon.com/images/I/51rUin9SoaL._SL150_.jpg,雑誌,「こうしなきゃ」なんて、ひとつもない結婚自由化宣言 Be free!,400,500,500,108,0,9,77,,,
92,コロコロコミック 2018年 01 月号,https://images-fe.ssl-images-amazon.com/images/I/61KwSc8EoOL._SL150_.jpg,雑誌,出版社: 小学館 (2017/12/15),400,500,630,108,0,9,77,,,
93,アイカツスターズ! 公式ファンブックSTAR5 2017年 12 月号,https://images-fe.ssl-images-amazon.com/images/I/61-B6M8QfyL._SL150_.jpg,雑誌,出版社: 小学館 (2017/12/7),400,500,780,216,0,9,77,,,
94,妖怪ウォッチまるごとともだちファンブック 2017年 12 月号,https://images-fe.ssl-images-amazon.com/images/I/61qeNSk%2BV7L._SL150_.jpg,雑誌,出版社: 小学館,400,500,683,216,0,9,77,,,
95,クロスワードパクロス 2018年 02 月号,https://images-fe.ssl-images-amazon.com/images/I/61gqs-qQIDL._SL150_.jpg,雑誌,定価、発売日等は、都合により変更になる場合がございます。予めご了承下さい。,398,500,550,216,0,9,77,,,
96,アイドルタイムプリパラ 公式ファンブック 2017 SEASON5 2018年 01 月号 [雑誌]: ちゃお 増刊,https://images-fe.ssl-images-amazon.com/images/I/61AM9bSmyWL._SL150_.jpg,小学館 (2017/12/7),雑誌,433,500,780,216,0,9,77,,,
97,たのしい幼稚園 2018年 02 月号 [雑誌],https://images-fe.ssl-images-amazon.com/images/I/614bLU6aUmL._SL150_.jpg,今月号の付録は、5種類のあそびつき！「スイーツゲームポッド」。ポケットサイズのゲームきだから、持ち運べていつでもどこでもあそべるよ！,雑誌,400,500,780,108,0,9,77,,,
98,mini(ミニ) 2018年 1月号,https://images-fe.ssl-images-amazon.com/images/I/81xcuPauKYL._SL150_.jpg,1月号は3号連続エックスガールコラボ付録の第2弾! ,雑誌,400,500,480,108,0,9,77,,,
99,電撃G’s magazine 2018年1月号 増刊 ラブライブ!サンシャイン!! CODE:G,https://images-fe.ssl-images-amazon.com/images/I/81OgKzNu3lL._SL150_.jpg,『ラブライブ!サンシャイン!!』づくしの電撃G'sマガジン増刊号!!,雑誌,400,500,960,324,0,9,77,,,
100,Sweet(スウィート) 2018年 2月号,https://images-fe.ssl-images-amazon.com/images/I/81oHjim2TyL._SL150_.jpg,2月号の特別付録はJILL by JILLSTUART花柄ポーチ&二つ折り財布超豪華スペシャルセットになります！,雑誌,490,500,880,108,0,9,77,,,
101,モデルが秘密にしたがる体幹リセットダイエット,https://images-fe.ssl-images-amazon.com/images/I/51lGJ-8odmL._AC_US160_.jpg,歌手：クリス・ハートさん（33歳）が－17㎏,佐久間健一,490,500,1080,108,0,9,78,,,
102,しいたけ占い 12星座の蜜と毒,https://images-fe.ssl-images-amazon.com/images/I/51-M5fZ0ugL._AC_US160_.jpg,Amazon 売れ筋ランキング「占い」部門1位!,しいたけ,490,500,1404,108,0,9,78,,,
103,嫌われる勇気―――自己啓発の源流「アドラー」の教え,https://images-fe.ssl-images-amazon.com/images/I/51sPGsTuF0L._AC_US160_.jpg,対人関係の悩み、人生の悩みを100%消し去る勇気の対話篇,岸見 一郎,490,500,1620,108,0,9,78,,,
104,サピエンス全史(上)文明の構造と人類の幸福,https://images-fe.ssl-images-amazon.com/images/I/51MSnnvzg7L._AC_US160_.jpg,「歴史」を超えたスコープで私達を捉えなおす,ユヴァル・ノア・ハラリ,490,500,2052,108,0,9,78,,,
105,４０歳を過ぎて最高の成果を出せる「疲れない体」と「折れない心」のつくり方,https://images-fe.ssl-images-amazon.com/images/I/619mRsWPP3L._AC_US160_.jpg,売れています！発売たちまち大増刷！発売20日で7万部突破！,葛西 紀明,490,500,1404,108,0,9,79,,,
106,君たちはどう生きるか (岩波文庫),https://images-fe.ssl-images-amazon.com/images/I/51ChYklRfkL._AC_US160_.jpg,著者がコペル君の精神的成長に託して語り伝えようとしたものは何か,吉野 源三郎,490,500,1404,108,0,9,79,,,
107,日の名残り (ハヤカワepi文庫),https://images-fe.ssl-images-amazon.com/images/I/51ttnG-8jHL._AC_US160_.jpg,短い旅に出た老執事が、美しい田園風景のなか古き佳き時代を回想する。,カズオ・イシグロ,490,500,1404,108,0,9,79,,,
108,紀州のドン・ファン美女４０００人に３０億円を貢いだ男 (講談社＋α文庫),https://images-fe.ssl-images-amazon.com/images/I/51f2x0ajY0L._AC_US160_.jpg,とんでもない男がいた,野崎幸助,490,500,842,108,0,9,79,,,
109,殺人犯はそこにいる―隠蔽された北関東連続幼女誘拐殺人事件―（新潮文庫）,https://images-fe.ssl-images-amazon.com/images/I/51gBEf6iQJL._AC_US160_.jpg,5人の少女が姿を消した。群馬と栃木の県境、半径10キロという狭いエリアで。同一犯による連続事件ではないのか？,清水 潔,490,500,750,108,0,9,79,,,
110,残像に口紅を (中公文庫),https://images-fe.ssl-images-amazon.com/images/I/419a4tiBhxL._AC_US160_.jpg,「あ」が使えなくなると、「愛」も「あなた」も消えてしまった。,筒井 康隆,490,500,802,108,0,9,79,,,
111,未来の年表 人口減少日本でこれから起きること (講談社現代新書),https://images-fe.ssl-images-amazon.com/images/I/51xMlmrOFTL._AC_US160_.jpg,2033年には3戸に1戸が空き家に!? 少子高齢社会の現実を予測したヒット本,河合 雅司,490,500,802,108,0,9,80,,,
112,アマゾンが描く2022年の世界 すべての業界を震撼させる「ベゾスの大戦略」 (PHPビジネス新書),https://images-fe.ssl-images-amazon.com/images/I/51V2rBIPC7L._AC_US160_.jpg,小売り・流通に変革をもたらしてきたECの巨人・アマゾン。,田中 道昭,490,500,983,108,0,9,80,,,
113,不死身の特攻兵軍神はなぜ上官に反抗したか (講談社現代新書),https://images-fe.ssl-images-amazon.com/images/I/51kC1rCcbyL._AC_US160_.jpg,太平洋戦争末期に実施された“特別攻撃隊”により、多くの若者が亡くなっていった,鴻上尚史,490,500,983,108,0,9,80,,,
114,ずば抜けた結果の投資のプロだけが気づいていること 「すごい会社」の見つけ方 (幻冬舎新書),https://images-fe.ssl-images-amazon.com/images/I/51frJgkiRIL._AC_US160_.jpg,「人が絶対にやらないこと」をしないと、株で勝てない!,苦瓜 達郎,490,500,821,108,0,9,80,,,
115,だるまちゃんとキジムナちゃん (だるまちゃんの絵本),https://images-fe.ssl-images-amazon.com/images/I/71oSzsP3B-L._SL150_.jpg,「だるまちゃん」シリーズの再新刊！,加古里子,490,500,972,108,0,9,81,,,
116,だるまちゃんとかまどんちゃん (だるまちゃんの絵本),https://images-fe.ssl-images-amazon.com/images/I/715Xc5UfSML._SL150_.jpg,だるまちゃん」シリーズの最新刊です！,加古里子,490,500,972,108,0,9,81,,,
117,だるまちゃんとはやたちゃん (だるまちゃんの絵本),https://images-fe.ssl-images-amazon.com/images/I/711eTavdcGL._SL150_.jpg,だるまちゃん」シリーズの再新刊！,加古里子,490,500,821,108,0,9,81,,,
118,へんてこうさぎのもじゃ,https://images-fe.ssl-images-amazon.com/images/I/A1MUOSZbJRL._SL150_.jpg,外見より内面から美しく、挨拶やお礼の大切さを伝えたいという願いを込めて,Katy,490,500,1620,972,0,9,81,,,
119,OSAMU'S MOTHER GOOSE,https://images-fe.ssl-images-amazon.com/images/I/81R1z-ySoGL._SL150_.jpg,OSAMU GOODSの原点,酒井 チエ,490,500,1728,972,0,9,81,,,
120,サピエンス全史 単行本 (上)(下)セット,https://images-fe.ssl-images-amazon.com/images/I/51h%2BWQ8s-9L._SL150_.jpg,セット買い,セット買い,490,500,4104,972,0,9,83,,,
121,黄砂の籠城 文庫 (上)(下)セット,https://images-fe.ssl-images-amazon.com/images/I/51Va9IGo1ML._SL150_.jpg,セット買い,セット買い,490,500,1382,972,0,9,83,,,
122,ファスト&スロー あなたの意思はどのように決まるか? 文庫 (上)(下)セット,https://images-fe.ssl-images-amazon.com/images/I/51nt9xX84pL._SL150_.jpg,セット買い,セット買い,490,500,1814,972,0,9,83,,,
123,検察側の罪人 文庫 (上)(下)セット,https://images-fe.ssl-images-amazon.com/images/I/51Zfbq7cSTL._SL150_.jpg,セット買い,セット買い,490,500,1382,972,0,9,83,,,
124,全部レンチン! やせるおかず 作りおき ムック 1-2巻セット,https://images-fe.ssl-images-amazon.com/images/I/610A0hPaCGL._SL150_.jpg,セット買い,セット買い,490,500,2160,972,0,9,83,,,
125,TWICE DEBUT SHOWCASE Touchdown in,https://images-fe.ssl-images-amazon.com/images/I/51nBrRmrbRL._SL150_.jpg,アジア発の9人組ガールズグループ・TWICEが、日本デビュー後の7月にファンクラブ会員無料招待ライブとして行った日本で初めてのワンマンライブ。,TWICE,490,500,4320,972,0,10,94,,,
126,劇場版ポケットモンスター キミにきめた! [DVD],https://images-fe.ssl-images-amazon.com/images/I/71Q1jwpi-nL._SL150_.jpg,マサラタウンに住む少年サトシは、ポケモントレーナーになる資格を得ることができる10歳の誕生日を迎えていた,松本梨香,490,500,4298,972,0,10,94,,,
127,namie amuro LIVE STYLE 2016-2017 [DVD],https://images-fe.ssl-images-amazon.com/images/I/71Qc6GNi9yL._SL150_.jpg,初回盤はなくなり次第通常盤に切り替わります。,安室奈美恵,490,500,5184,972,0,10,94,,,
128,Live Tour Continues (初回限定盤)[DVD],https://images-fe.ssl-images-amazon.com/images/I/91MbNtJXLIL._SL150_.jpg,音楽家として歩んだ軌跡、そして次へと繋がるライブ,星野 源,490,500,6588,972,0,10,94,,,
129,アンパンマンとはじめよう! お歌と手あそび編 ステップ1 元気100倍,https://images-fe.ssl-images-amazon.com/images/I/917fykX5UxL._SL150_.jpg,大人の人と手をつないで出来る簡単な踊りや、手遊びの歌を収録した知育をメインとしたアンパンマンのオリジナルビデオシリーズ。,大賀俊二,490,500,3024,972,0,10,94,,,
130,ガールズ＆パンツァー 第63回戦車道全国高校生大会 総集編 [Blu-ray],https://images-fe.ssl-images-amazon.com/images/I/711oIOTNofL._SL150_.jpg,『ガールズ＆パンツァー 最終章 第1話』上映記念！,渕上舞,490,500,4104,972,0,10,95,,,
131,THE IDOLM@STER MILLION LIVE! 4thLIVE,https://images-fe.ssl-images-amazon.com/images/I/61ZCVABUugL._SL150_.jpg,アイマス史上初の3DAYSライブが遂に映像商品化,Blu-ray,490,500,32880,972,0,10,95,,,
132,劇場版 魔法科高校の劣等生 星を呼ぶ少女(完全生産限定版) [Blu-ray],https://images-fe.ssl-images-amazon.com/images/I/81SAQjjWLbL._SL150_.jpg,興行収入5.6億円・国内観客動員数39万人を突破した「劇場版 魔法科高校の劣等生 星を呼ぶ少女」Blu-ray&DVDが遂に発売!,吉田りさこ,490,500,9504,972,0,10,95,,,
133,YUKI concert tour“Blink Blink,https://images-fe.ssl-images-amazon.com/images/I/71NZyO4N-VL._SL150_.jpg,2017年2月6日にソロデビュー15周年を迎えたYUKIが,YUKI,490,500,9720,972,0,10,95,,,
134,スパイダーマン:ホームカミング ブルーレイ & DVDセット [Blu-ray],https://images-fe.ssl-images-amazon.com/images/I/91U9DUSwWhL._SL150_.jpg,2D本編ブルーレイには未公開シーン10種,トム・ホランド,490,500,5122,972,0,10,95,,,
135,パンプキンズ・ユナイテッド【完全生産限定盤/歌詞・対訳付】,https://images-fe.ssl-images-amazon.com/images/I/71lb63MsyvL._SL150_.jpg,カイ・ハンセンとマイケル・キスクが限定復帰し7人編成となったヘヴィ・メタルの守護神、完全新曲!,ハロウィン,800,500,1080,216,0,10,97,,,
136,BABYMETAL-LTD.EDITION,https://images-fe.ssl-images-amazon.com/images/I/71T%2B4ncVtHL._SL150_.jpg,BABYMETAL,BABYMETAL,800,2200,1080,216,0,10,97,,,
137,メタル・マスター(リマスター・デラックス),https://images-fe.ssl-images-amazon.com/images/I/51UNw3lAcfL._SL150_.jpg,世界最強バンドメタリカ、名作として名高いサード・アルバムのデラックス・ボックス・リイシューの3枚組コンパクト盤。,METARICA,2000,500,3888,216,0,10,97,,,
138,ファイアーパワー(完全生産限定盤) [Analog],https://images-fe.ssl-images-amazon.com/images/I/81yuniQN1eL._SL150_.jpg,レーベル: ソニー・ミュージックジャパンインターナショナル,ジューダス・プリースト,2000,500,5940,1080,0,10,97,,,
139,ビースト・イン・ブラックバーサーカーCD(日本語解説書封入/歌詞対訳付),https://images-fe.ssl-images-amazon.com/images/I/712Q7XLf%2BeL._SL150_.jpg,2015年、バトル・ビーストを離脱したギタリスト、コンポーザーのアントン・カバネンによる新バンドが遂に始動! その名もビースト・イン・ブラック! 野獣のごとく5人の男たちが放つ熱き魂の咆哮、王道のヘヴィ・メタルが響く!,ビースト・イン・ブラック,3987,500,2484,540,0,10,97,,,
140,カシオ 電子キーボード・ピアノ用 ヘッドホン CP-16,https://images-fe.ssl-images-amazon.com/images/I/618aOdN8YGL._SL150_.jpg,電子キーボード・ピアノ用 ヘッドホン,ALAMOANA,1000,500,4320,540,0,10,99,,,
141,AlaMoana アラモアナ ギアペグ式ウクレレ マホガニー UK,https://images-fe.ssl-images-amazon.com/images/I/81wzkqwnZzL._SL150_.jpg,色: サテン,ALAMOANA,1000,500,4536,540,0,10,99,,,
142,NUVO ヌーボ プラスチック製,https://images-fe.ssl-images-amazon.com/images/I/61uwAQBqrVL._SL150_.jpg,色: レッドホワイト,ヌーボ,1000,500,10800,540,0,10,99,,,
143,HONEY BEE アコースティックギター F-15 初心者入門16点,https://images-fe.ssl-images-amazon.com/images/I/71H1t9GP24L._SL150_.jpg,F-15,ヌーボ,1000,500,14500,540,0,10,99,,,
144,ウクレレ 初心者セット アラモアナ UK100G MH マホガニー,https://images-fe.ssl-images-amazon.com/images/I/71awCkrOorL._SL150_.jpg,サイズ: チューナー・教則DVD 入門セット,ALAMOANA,1000,500,3990,540,0,10,99,,,
145,スーパーマリオ オデッセイ - Switch,https://images-fe.ssl-images-amazon.com/images/I/71ax%2BLpI8cL._SL150_.jpg,マリオ、世界の旅へ,任天堂,1000,500,6458,540,0,10,100,,,
146,Splatoon 2 (スプラトゥーン2) - Switch,https://images-fe.ssl-images-amazon.com/images/I/71yVtBkLYtL._SL150_.jpg,イカしたやつらがイカした進化!,任天堂,1000,500,5499,540,0,10,100,,,
147,ポケットモンスター ウルトラサン - 3DS,https://images-fe.ssl-images-amazon.com/images/I/61pCOUGQM5L._SL150_.jpg,ジャンル: RPG,任天堂,1000,500,5378,540,0,10,100,,,
148,マリオカート8 デラックス - Switch,https://images-fe.ssl-images-amazon.com/images/I/71H5KLn0c1L._SL150_.jpg,型番 : HAC-P-AABPA,任天堂,1000,500,7200,540,0,10,100,,,
149,PS4 地球防衛軍5,https://images-fe.ssl-images-amazon.com/images/I/71M3U8ZQTAL._SL150_.jpg,人類よ、運命に抗え,D3 PUBLISHER,1000,500,8424,540,0,10,100,,,
150,CLANNAD メモリアルエディション 全年齢対象版,https://images-fe.ssl-images-amazon.com/images/I/81WuXTAflNL._SL150_.jpg,メディア: DVD-ROM,KEY,1000,500,3930,540,0,10,101,,,
151,Kanonメモリアルエディション 全年齢対象版,https://images-fe.ssl-images-amazon.com/images/I/61d+jQoAm2L._AC_US160_.jpg,メディア: DVD-ROM,KEY,1000,500,1024,540,0,10,101,,,
152,リトルバスターズ! パーフェクトエディション TVアニメ化記念版,https://images-fe.ssl-images-amazon.com/images/I/51azcywfsPL._AC_US160_.jpg,メディア: DVD-ROM,KEY,1000,500,2320,540,0,10,101,,,
153,ひぐらしのなく頃に －鬼隠し、綿流し、祟殺し、暇潰し編－[同人PCソフト],https://images-fe.ssl-images-amazon.com/images/I/81ZxDmd-J+L._AC_US160_.png,メディア: DVD-ROM,07th Expansion,1000,500,5800,540,0,10,101,,,
154,東方妖々夢~ Perfect Cherry Blossom．[同人PCソフト],https://images-fe.ssl-images-amazon.com/images/I/613w0t+ALdL._AC_US160_.jpg,メディア: CD-ROM,上海アリス幻樂団,1000,500,2480,540,0,10,101,,,
155,アイリスオーヤマ オーブンレンジ 16L ターンテーブル ブラック,https://images-fe.ssl-images-amazon.com/images/I/61d0rPuC1kL._SL150_.jpg,商品サイズ(約):幅46.1×奥行き36.3×高さ29.3,アイリスオーヤマ(IRIS OHYAMA),1000,500,8750,540,0,11,104,,,
156,ドリテック 電気ケトル ラミン ホワイト PO-323WT,https://images-fe.ssl-images-amazon.com/images/I/71euTwfV%2BEL._SL150_.jpg,本体重量:約504g,dretec,1000,500,2700,540,0,11,104,,,
157,象印 炊飯器 IH式 極め炊き 5.5合 ブラウン NP-VQ10-TA,https://images-fe.ssl-images-amazon.com/images/I/81T7Gb1wxML._SL150_.jpg,選べる保温選択。30時間おいしく保温「うるつや保温」「高め保温」,象印マホービン,1000,500,15336,540,0,11,104,,,
158,IZUMI ハンドミキサー ピンク HM-410P,https://images-fe.ssl-images-amazon.com/images/I/418gnULNsRL._SL150_.jpg,メーカー型番: HM-410P,泉精器製作所,1000,500,5330,540,0,11,104,,,
159,パナソニック ホームベーカリー 1斤タイプ ブラウン SD-BMT1001-T,https://images-fe.ssl-images-amazon.com/images/I/71j87xs68SL._SL150_.jpg,サンドイッチ用食パンコース搭載,パナソニック(Panasonic),1000,500,27500,540,0,11,104,,,
160,テスコム 毛玉取り器 グレー KD778-H,https://images-fe.ssl-images-amazon.com/images/I/51-OeSt079L._SL150_.jpg,原産国:中国,テスコム(TESCOM),1000,500,27500,540,0,11,105,,,
161,東芝 サイクロンクリーナー トルネオV 掃除機 VC-SG512 グランレッド,https://images-fe.ssl-images-amazon.com/images/I/71EkCUepD-L._SL150_.jpg,ボディカラー:グランレッド 定格 :AC-100V(50Hz/60Hz共用),東芝(TOSHIBA),1000,500,27500,540,0,11,105,,,
162,アイリスオーヤマ 布団乾燥機 カラリエ マットなし パールホワイト,https://images-fe.ssl-images-amazon.com/images/I/51U3K2hGD1L._SL150_.jpg,安全装置:温度センサー・サーモスタット・温度ヒューズ,アイリスオーヤマ,1000,500,10180,540,0,11,105,,,
163,ダイソン 掃除機 コードレス V8 Fluffy SV10 FF2,https://images-fe.ssl-images-amazon.com/images/I/61HAWYaEMSL._SL150_.jpg,最大運転時間が2倍の40分に。,Dyson(ダイソン),1000,500,10180,540,0,11,105,,,
164,東芝 温水洗浄便座 クリーンウォッシュ ウォシュレット SCS-T160,https://images-fe.ssl-images-amazon.com/images/I/31nECP2YylL._SL150_.jpg,着座検知:赤外線検知式,東芝(TOSHIBA),1000,500,13980,540,0,11,105,,,
165,サロニア ストレートヘアーアイロンSALONIAダブルイオン SL004S,https://images-fe.ssl-images-amazon.com/images/I/31phiqUBzPL._SL150_.jpg,上品な仕上がり,SALONIA(サロニア),1000,500,2730,540,0,11,106,,,
166,パナソニック マユシェーバー 黒 ER-GM20-K,https://images-fe.ssl-images-amazon.com/images/I/71q2E5mwejL._SL150_.jpg,うるつや保温」,パナソニック(Panasonic),1000,500,1254,540,0,11,106,,,
167,パナソニック ヘアドライヤー イオニティ ゴールド調 EH-NE59-N,https://images-fe.ssl-images-amazon.com/images/I/71aK6f8VaqL._SL150_.jpg,うるつや保温,パナソニック(Panasonic),1000,500,2258,540,0,11,106,,,
168,IZUMI VIDAN 往復式シェーバー ソリッドシリーズ 4枚刃 ブルー,https://images-fe.ssl-images-amazon.com/images/I/41cWAOf9gpL._SL150_.jpg,安全装置付,泉精器製作所,1000,500,3500,540,0,11,106,,,
169,コイズミ ヘアドライヤー マイナスイオン ホワイト KHD-9610/W,https://images-fe.ssl-images-amazon.com/images/I/51ELapUkVcL._SL150_.jpg,めっちゃ乾くよ,コイズミ(KOIZUMI),1000,500,2354,540,0,11,106,,,
170,なかぎし【水洗いOK】 敷き毛布 140×80cm NA-023S,https://images-fe.ssl-images-amazon.com/images/I/610Zc1TgriL._SL150_.jpg,あったかいです,なかぎし(Nakagishi),1000,500,2178,540,0,11,107,,,
171,シャープ 加湿空気清浄機 プラズマクラスター ~17畳/空気清浄,https://images-fe.ssl-images-amazon.com/images/I/71yOYRozVUL._SL150_.jpg,うるつや保温,シャープ(SHARP),1000,500,21800,540,0,11,107,,,
172,アイリスオーヤマ セラミックファンヒーター 人感センサー付き,https://images-fe.ssl-images-amazon.com/images/I/51cgDl4ApPL._SL150_.jpg,人感センサー付,アイリスオーヤマ,1000,500,6980,540,0,11,107,,,
173,Tenswall アロマディフューザー 超音波式 加湿器 400ml大容量,https://images-fe.ssl-images-amazon.com/images/I/71b-BFnX0zL._SL150_.jpg,おしゃれな外見,kawasaki,1000,500,7999,540,0,11,107,,,
174,加湿器 卓上加湿器 超音波式加湿器 車載加湿器 空気清浄器,https://images-fe.ssl-images-amazon.com/images/I/51W71El6gOL._SL150_.jpg,空焚き防止,AnvFlik,1000,500,1650,540,0,11,107,,,
175,加湿器アロマ ディフューザーイブリッド超音波式 おしゃれ 卓上加湿器ミニ型,https://images-fe.ssl-images-amazon.com/images/I/71wOo5ZY5NL._SL150_.jpg,超音波式,InnoMagi,1000,500,1980,540,0,11,108,,,
176,Mospro 透かし彫りアロマディフューザー 10時間連続稼働,https://images-fe.ssl-images-amazon.com/images/I/71-9UNXGItL._SL150_.jpg,長時間持続,Mospro(モスプロ),1000,500,3599,540,0,11,108,,,
177,HotTime LED デスクライト 電気スタンド 目に優しい 色温度調整,https://images-fe.ssl-images-amazon.com/images/I/51536S0%2Bn3L._SL150_.jpg,目に優しい,Yoshioka,1000,500,3200,540,0,11,108,,,
178,SOFER アロマディフューザー 木目調 600ml 超音波式,https://images-fe.ssl-images-amazon.com/images/I/81XToRtKLVL._SL150_.jpg,超音波式,ZEEFO,1000,500,3380,540,0,11,108,,,
179,無煙 LEDキャンドルライト 6個セット リモコン付き 癒しの灯かり,https://images-fe.ssl-images-amazon.com/images/I/71e1erQ5UhL._SL150_.jpg,癒しのあかり,ZEEFO,1000,500,1998,540,0,11,108,,,
180,ハイアール 5.5kg 全自動洗濯機ブラックHaier JW-C55A-K,https://images-fe.ssl-images-amazon.com/images/I/51Nm3IR7qGL._SL150_.jpg,大容量,Haier (ハイアール),1000,500,20910,540,0,11,109,,,
181,アイリスオーヤマ 2口 IHクッキングヒーター 工事不要 100V,https://images-fe.ssl-images-amazon.com/images/I/51jw55yk5AL._SL150_.jpg,工事不要,アイリスオーヤマ(IRIS OHYAMA),1000,500,14125,540,0,11,109,,,
182,BESTEK 冷蔵庫 小型 冷凍冷蔵庫 直冷式 2ドア 85L 右開き,https://images-fe.ssl-images-amazon.com/images/I/41zrTVy3w-L._SL150_.jpg,右開き,BESTEK(ベステック),1000,500,18200,540,0,11,109,,,
183,業務用真空袋対応 フードシールド 業務用 真空パック器,https://images-fe.ssl-images-amazon.com/images/I/61lJ71EJytL._SL150_.jpg,ばつぐんの吸引力,フードシールド/FoodShield,1000,500,14980,540,0,11,109,,,
184,Vacplus 小型 除湿機，700ML容量 除湿器 梅雨対策 カビ防止,https://images-fe.ssl-images-amazon.com/images/I/71kAjVeEjAL._SL150_.jpg,梅雨対策に,東洋アルミ,1000,500,4999,540,0,11,109,,,
185,アイリスオーヤマ 2口 IHクッキングヒーター 工事不要 100V,https://images-fe.ssl-images-amazon.com/images/I/51jw55yk5AL._SL150_.jpg,工事不要,アイリスオーヤマ(IRIS OHYAMA),1000,500,14125,540,0,11,110
186,アイリスオーヤマ オーブンレンジ 16L ターンテーブル ブラック,https://images-fe.ssl-images-amazon.com/images/I/61d0rPuC1kL._SL150_.jpg,商品サイズ(約):幅46.1×奥行き36.3×高さ29.3,アイリスオーヤマ(IRIS OHYAMA),1000,500,8750,540,0,11,110,,,
187,ハイアール 5.5kg 全自動洗濯機ブラックHaier JW-C55A-K,https://images-fe.ssl-images-amazon.com/images/I/51Nm3IR7qGL._SL150_.jpg,大容量,Haier (ハイアール),1000,500,20910,540,0,11,110,,,
188,パナソニック ヘアドライヤー イオニティ ゴールド調 EH-NE59-N,https://images-fe.ssl-images-amazon.com/images/I/71aK6f8VaqL._SL150_.jpg,うるつや保温,パナソニック(Panasonic),1000,500,2258,540,0,11,110,,,
189,ダイソン 掃除機 コードレス V8 Fluffy SV10 FF2,https://images-fe.ssl-images-amazon.com/images/I/61HAWYaEMSL._SL150_.jpg,最大運転時間が2倍の40分に。,Dyson(ダイソン),1000,500,10180,540,0,11,110,,,
190,Holy Stone ドローン GPS搭載 広角HDカメラ付き,https://images-fe.ssl-images-amazon.com/images/I/81DDBvQET6L._SL150_.jpg,GPS搭載,Holy Stone Toys,1000,500,23280,540,0,11,111,,,
191,国内正規品 DJI Spark(アルペンホワイト),https://images-fe.ssl-images-amazon.com/images/I/4193nekPwgL._SL150_.jpg,国内正規品,DJI,1000,500,54800,540,0,11,111,,,
192,国内正規品 DJI OSMO Mobile (3軸手持ちジンバル),https://images-fe.ssl-images-amazon.com/images/I/51dpIlUoxcL._SL150_.jpg,3軸手持ちジンバル,DJI,1000,500,33880,540,0,11,111,,,
193,国内正規品 GoPro ウェアラブルカメラ HERO5 Black,https://images-fe.ssl-images-amazon.com/images/I/71n5cqNPIRL._SL150_.jpg,ウェアラブル,ゴープロ,1000,500,24800,540,0,11,111,,,
194,AKASO EK7000 4K WIFI スポーツ カメラ HD 1200,https://images-fe.ssl-images-amazon.com/images/I/71E7KWoXXbL._SL150_.jpg,国内正規品,fguip,1000,500,8199,540,0,11,111,,,
195,Victure アクションカメラ 4K超高画質 1600万画素 WIFI,https://images-fe.ssl-images-amazon.com/images/I/71zB6fD%2BV4L._SL150_.jpg,高画質な静止画を撮影可能,OVTECH,1000,500,13780,540,0,11,112,,,
196,ソニー SONY ウエアラブルカメラ アクションカム 空間光学ブレ補正搭載モデル,https://images-fe.ssl-images-amazon.com/images/I/61hmWwKiObL._SL150_.jpg,フルハイビジョン/60p撮影に対応,ソニー(SONY),1000,500,37854,540,0,11,112,,,
197,4k アクションカメラ wifi 水中カメラ 360,https://images-fe.ssl-images-amazon.com/images/I/61SzoekxfdL._SL150_.jpg,約50Mbpsのハイビットレート記録が可能,OVTECH,1000,500,9999,540,0,11,112,,,
198,APEMAN アクションカメラ ウェアラブルカメラ 1080P 1200,https://images-fe.ssl-images-amazon.com/images/I/71xqYuNKSeL._SL150_.jpg,撮った動画はかんたんにスマートフォンなどへ転送、シェアできる,apeman,1000,500,3980,540,0,11,112,,,
199,Ceyo アクションカメラ 防水カメラ 4K 30M防水 2000万画素,https://images-fe.ssl-images-amazon.com/images/I/71lOudyStYL._SL150_.jpg,水しぶきがかかっても大丈夫。本体のみで天候を選ばずに撮影できる防滴ボディ,EECOO,1000,500,6980,540,0,11,112,,,
200,PENTAX 双眼鏡 タンクローR ポロプリズム・センターフォーカス式 8倍21mm有効径 8×21UCF R 62209k,https://images-fe.ssl-images-amazon.com/images/I/41RJlJqco4L._AC_US160_.jpg,センターフォーカス式,ペンタックス,1000,500,3980,540,0,11,113,,,
201,Nikon ゴルフ用レーザー距離計 COOLSHOT 80i VR LCS80IVR,https://images-fe.ssl-images-amazon.com/images/I/416GLeuy80L._AC_US160_.jpg,製品保証12ヶ月,ニコン,1000,500,39230,540,0,11,113,,,
202,bestlinQ ベストリンク  双眼鏡10x22 bq-BIO4-WH BaK4,https://images-fe.ssl-images-amazon.com/images/I/41NGn8Zif1L._AC_US160_.jpg,ストラップ付き,bestlinQ ベストリンク,1000,500,1870,540,0,11,113,,,
203,スコープテックラプトル50天体望遠鏡セット,https://images-fe.ssl-images-amazon.com/images/I/41cT4wT2zkL._AC_US160_.jpg,入門セット,スコープテック,1000,500,10800,540,0,11,113,,,
204,Nikatto 双眼鏡 オペラグラス,https://images-fe.ssl-images-amazon.com/images/I/51JUD-0xR4L._AC_US160_.jpg,登山やスポーツ観戦に,Nikatto,1000,500,2099,540,0,11,113,,,
205,Anker プレミアムライトニングUSBケーブル,https://images-fe.ssl-images-amazon.com/images/I/61tb%2BMfxx7L._SL150_.jpg,急速充電,Anker,1000,500,740,540,0,11,114,,,
206,Amazonベーシック Apple認証 ハイクオリティー ライトニングケーブル,https://images-fe.ssl-images-amazon.com/images/I/61-SCX0EupL._SL150_.jpg,Apple認証,Amazonベーシック,1000,500,789,540,0,11,114,,,
207,防水進化版 IPX6対応 SoundPEATS Q30,https://images-fe.ssl-images-amazon.com/images/I/61VJpoWxdlL._SL150_.jpg,IPX6対応,SoundPEATS,1000,500,3580,540,0,11,114,,,
208,Qi 急速 ワイヤレス充電器 NANAMI Quick Charge,https://images-fe.ssl-images-amazon.com/images/I/71ae7FWL6DL._SL150_.jpg,急速充電,NANAMI,1000,500,2380,540,0,11,114,,,
209,iPhone 5 カバー iPhone se ケース BENTOBEN,https://images-fe.ssl-images-amazon.com/images/I/71dQ4JSBBbL._SL150_.jpg,破損防止に,BENTOBEN,1000,500,1200,540,0,11,114,,,
210,LG 49V型 4K 対応 液晶 テレビ HDR対応,https://images-fe.ssl-images-amazon.com/images/I/81qKcQJgpLL._SL150_.jpg,HDR対応,LG Electronics Japan,1000,500,81058,540,0,11,115,,,
211,TCL 49型 フルハイビジョン 液晶 テレビ 49P300CF,https://images-fe.ssl-images-amazon.com/images/I/51DqBj7pFAL._SL150_.jpg,フルハイビジョン,TCL,1000,500,59379,540,0,11,115,,,
212,LG 55V型 有機EL テレビ OLED B6P OLED55B6P,https://images-fe.ssl-images-amazon.com/images/I/71a7Y-2ZH3L._SL150_.jpg,OLED,LG Electronics Japan,1000,500,190491,540,0,11,115,,,
213,パナソニック 2TB 7チューナー ブルーレイレコーダー 全録,https://images-fe.ssl-images-amazon.com/images/I/61XIAtCrkGL._SL150_.jpg,ブルーレイレコーダー,パナソニック(Panasonic),1000,500,58910,540,0,11,115,,,
214,パナソニック 24V型 ハイビジョン 液晶 テレビ,https://images-fe.ssl-images-amazon.com/images/I/811YOVKnceL._SL150_.jpg,ハイビジョン,パナソニック(Panasonic),1000,500,33777,540,0,11,115,,,
